Cuts,CoverCuts,FlowCoverCuts,LiftProjectCuts,MIRCuts,RelaxLiftCuts,SubMIPCuts,CutPasses,GomoryPasses,Gap
0,0,0,0,0,0,1,0,0,0.5036
0,0,0,0,0,0,1,0,1,0.5036
0,0,0,0,0,0,1,1,0,0.2982
0,0,0,0,0,0,1,1,1,0.6556
0,0,0,0,0,0,1,2,0,0.2982
0,0,0,0,0,0,1,2,1,0.7408
0,0,0,0,0,0,2,0,0,0.5036
0,0,0,0,0,0,2,0,1,0.5036
0,0,0,0,0,0,2,1,0,0.9939
0,0,0,0,0,0,2,1,1,0.2954
0,0,0,0,0,0,2,2,0,0.9939
0,0,0,0,0,0,2,2,1,0.2954
0,0,0,0,0,1,1,0,0,0.5036
0,0,0,0,0,1,1,0,1,0.5036
0,0,0,0,0,1,1,1,0,0.5207
0,0,0,0,0,1,1,1,1,0.5197
0,0,0,0,0,1,1,2,0,0.727
0,0,0,0,0,1,1,2,1,0.7227
0,0,0,0,0,1,2,0,0,0.5036
0,0,0,0,0,1,2,0,1,0.5036
0,0,0,0,0,1,2,1,0,0.2954
0,0,0,0,0,1,2,1,1,0.2954
0,0,0,0,0,1,2,2,0,0.2954
0,0,0,0,0,1,2,2,1,0.2954
0,0,0,0,1,0,1,0,0,0.5036
0,0,0,0,1,0,1,0,1,0.5036
0,0,0,0,1,0,1,1,0,0.9734
0,0,0,0,1,0,1,1,1,0.5917
0,0,0,0,1,0,1,2,0,0.7268
0,0,0,0,1,0,1,2,1,0.7225
0,0,0,0,1,0,2,0,0,0.5036
0,0,0,0,1,0,2,0,1,0.5036
0,0,0,0,1,0,2,1,0,0.2954
0,0,0,0,1,0,2,1,1,0.2954
0,0,0,0,1,0,2,2,0,0.2954
0,0,0,0,1,0,2,2,1,0.2954
0,0,0,0,1,1,1,0,0,0.5036
0,0,0,0,1,1,1,0,1,0.5036
0,0,0,0,1,1,1,1,0,0.5411
0,0,0,0,1,1,1,1,1,0.7989
0,0,0,0,1,1,1,2,0,0.727
0,0,0,0,1,1,1,2,1,0.7227
0,0,0,0,1,1,2,0,0,0.5036
0,0,0,0,1,1,2,0,1,0.5036
0,0,0,0,1,1,2,1,0,0.2954
0,0,0,0,1,1,2,1,1,0.2954
0,0,0,0,1,1,2,2,0,0.2954
0,0,0,0,1,1,2,2,1,0.2954
0,0,0,1,0,0,1,0,0,0.5036
0,0,0,1,0,0,1,0,1,0.5036
0,0,0,1,0,0,1,1,0,0.5958
0,0,0,1,0,0,1,1,1,0.6556
0,0,0,1,0,0,1,2,0,0.727
0,0,0,1,0,0,1,2,1,0.7408
0,0,0,1,0,0,2,0,0,0.5036
0,0,0,1,0,0,2,0,1,0.5036
0,0,0,1,0,0,2,1,0,0.585
0,0,0,1,0,0,2,1,1,0.2954
0,0,0,1,0,0,2,2,0,0.7163
0,0,0,1,0,0,2,2,1,0.2954
0,0,0,1,0,1,1,0,0,0.5036
0,0,0,1,0,1,1,0,1,0.5036
0,0,0,1,0,1,1,1,0,0.5125
0,0,0,1,0,1,1,1,1,0.5197
0,0,0,1,0,1,1,2,0,0.727
0,0,0,1,0,1,1,2,1,0.7227
0,0,0,1,0,1,2,0,0,0.5036
0,0,0,1,0,1,2,0,1,0.5036
0,0,0,1,0,1,2,1,0,0.2954
0,0,0,1,0,1,2,1,1,0.2954
0,0,0,1,0,1,2,2,0,0.2954
0,0,0,1,0,1,2,2,1,0.2954
0,0,0,1,1,0,1,0,0,0.5036
0,0,0,1,1,0,1,0,1,0.5036
0,0,0,1,1,0,1,1,0,0.9734
0,0,0,1,1,0,1,1,1,0.5917
0,0,0,1,1,0,1,2,0,0.7268
0,0,0,1,1,0,1,2,1,0.7225
0,0,0,1,1,0,2,0,0,0.5036
0,0,0,1,1,0,2,0,1,0.5036
0,0,0,1,1,0,2,1,0,0.2954
0,0,0,1,1,0,2,1,1,0.2954
0,0,0,1,1,0,2,2,0,0.2954
0,0,0,1,1,0,2,2,1,0.2954
0,0,0,1,1,1,1,0,0,0.5036
0,0,0,1,1,1,1,0,1,0.5036
0,0,0,1,1,1,1,1,0,0.5411
0,0,0,1,1,1,1,1,1,0.7989
0,0,0,1,1,1,1,2,0,0.727
0,0,0,1,1,1,1,2,1,0.7227
0,0,0,1,1,1,2,0,0,0.5036
0,0,0,1,1,1,2,0,1,0.5036
0,0,0,1,1,1,2,1,0,0.2954
0,0,0,1,1,1,2,1,1,0.2954
0,0,0,1,1,1,2,2,0,0.2954
0,0,0,1,1,1,2,2,1,0.2954
0,0,1,0,0,0,1,0,0,0.5036
0,0,1,0,0,0,1,0,1,0.5036
0,0,1,0,0,0,1,1,0,0.2534
0,0,1,0,0,0,1,1,1,0.2251
0,0,1,0,0,0,1,2,0,0.7139
0,0,1,0,0,0,1,2,1,0.7136
0,0,1,0,0,0,2,0,0,0.5036
0,0,1,0,0,0,2,0,1,0.5036
0,0,1,0,0,0,2,1,0,0.2954
0,0,1,0,0,0,2,1,1,0.2954
0,0,1,0,0,0,2,2,0,0.2954
0,0,1,0,0,0,2,2,1,0.2954
0,0,1,0,0,1,1,0,0,0.5036
0,0,1,0,0,1,1,0,1,0.5036
0,0,1,0,0,1,1,1,0,0.2538
0,0,1,0,0,1,1,1,1,0.2275
0,0,1,0,0,1,1,2,0,0.2539
0,0,1,0,0,1,1,2,1,0.2536
0,0,1,0,0,1,2,0,0,0.5036
0,0,1,0,0,1,2,0,1,0.5036
0,0,1,0,0,1,2,1,0,0.2954
0,0,1,0,0,1,2,1,1,0.2954
0,0,1,0,0,1,2,2,0,0.2954
0,0,1,0,0,1,2,2,1,0.2954
0,0,1,0,1,0,1,0,0,0.5036
0,0,1,0,1,0,1,0,1,0.5036
0,0,1,0,1,0,1,1,0,0.0466
0,0,1,0,1,0,1,1,1,0.2576
0,0,1,0,1,0,1,2,0,0.2535
0,0,1,0,1,0,1,2,1,0.253
0,0,1,0,1,0,2,0,0,0.5036
0,0,1,0,1,0,2,0,1,0.5036
0,0,1,0,1,0,2,1,0,0.2954
0,0,1,0,1,0,2,1,1,0.2954
0,0,1,0,1,0,2,2,0,0.2954
0,0,1,0,1,0,2,2,1,0.2954
0,0,1,0,1,1,1,0,0,0.5036
0,0,1,0,1,1,1,0,1,0.5036
0,0,1,0,1,1,1,1,0,0.2534
0,0,1,0,1,1,1,1,1,0.225
0,0,1,0,1,1,1,2,0,0.2534
0,0,1,0,1,1,1,2,1,0.253
0,0,1,0,1,1,2,0,0,0.5036
0,0,1,0,1,1,2,0,1,0.5036
0,0,1,0,1,1,2,1,0,0.2954
0,0,1,0,1,1,2,1,1,0.2954
0,0,1,0,1,1,2,2,0,0.2954
0,0,1,0,1,1,2,2,1,0.2954
0,0,1,1,0,0,1,0,0,0.5036
0,0,1,1,0,0,1,0,1,0.5036
0,0,1,1,0,0,1,1,0,0.2534
0,0,1,1,0,0,1,1,1,0.2251
0,0,1,1,0,0,1,2,0,0.7139
0,0,1,1,0,0,1,2,1,0.7136
0,0,1,1,0,0,2,0,0,0.5036
0,0,1,1,0,0,2,0,1,0.5036
0,0,1,1,0,0,2,1,0,0.2954
0,0,1,1,0,0,2,1,1,0.2954
0,0,1,1,0,0,2,2,0,0.2954
0,0,1,1,0,0,2,2,1,0.2954
0,0,1,1,0,1,1,0,0,0.5036
0,0,1,1,0,1,1,0,1,0.5036
0,0,1,1,0,1,1,1,0,0.2538
0,0,1,1,0,1,1,1,1,0.2275
0,0,1,1,0,1,1,2,0,0.2539
0,0,1,1,0,1,1,2,1,0.2536
0,0,1,1,0,1,2,0,0,0.5036
0,0,1,1,0,1,2,0,1,0.5036
0,0,1,1,0,1,2,1,0,0.2954
0,0,1,1,0,1,2,1,1,0.2954
0,0,1,1,0,1,2,2,0,0.2954
0,0,1,1,0,1,2,2,1,0.2954
0,0,1,1,1,0,1,0,0,0.5036
0,0,1,1,1,0,1,0,1,0.5036
0,0,1,1,1,0,1,1,0,0.0466
0,0,1,1,1,0,1,1,1,0.2576
0,0,1,1,1,0,1,2,0,0.2535
0,0,1,1,1,0,1,2,1,0.253
0,0,1,1,1,0,2,0,0,0.5036
0,0,1,1,1,0,2,0,1,0.5036
0,0,1,1,1,0,2,1,0,0.2954
0,0,1,1,1,0,2,1,1,0.2954
0,0,1,1,1,0,2,2,0,0.2954
0,0,1,1,1,0,2,2,1,0.2954
0,0,1,1,1,1,1,0,0,0.5036
0,0,1,1,1,1,1,0,1,0.5036
0,0,1,1,1,1,1,1,0,0.2534
0,0,1,1,1,1,1,1,1,0.225
0,0,1,1,1,1,1,2,0,0.2534
0,0,1,1,1,1,1,2,1,0.253
0,0,1,1,1,1,2,0,0,0.5036
0,0,1,1,1,1,2,0,1,0.5036
0,0,1,1,1,1,2,1,0,0.2954
0,0,1,1,1,1,2,1,1,0.2954
0,0,1,1,1,1,2,2,0,0.2954
0,0,1,1,1,1,2,2,1,0.2954
0,1,0,0,0,0,1,0,0,0.5036
0,1,0,0,0,0,1,0,1,0.5036
0,1,0,0,0,0,1,1,0,0.742
0,1,0,0,0,0,1,1,1,0.2263
0,1,0,0,0,0,1,2,0,0.2964
0,1,0,0,0,0,1,2,1,0.7188
0,1,0,0,0,0,2,0,0,0.5036
0,1,0,0,0,0,2,0,1,0.5036
0,1,0,0,0,0,2,1,0,0.2954
0,1,0,0,0,0,2,1,1,0.2954
0,1,0,0,0,0,2,2,0,0.2954
0,1,0,0,0,0,2,2,1,0.2954
0,1,0,0,0,1,1,0,0,0.5036
0,1,0,0,0,1,1,0,1,0.5036
0,1,0,0,0,1,1,1,0,0.7347
0,1,0,0,0,1,1,1,1,0.4764
0,1,0,0,0,1,1,2,0,0.7231
0,1,0,0,0,1,1,2,1,0.7188
0,1,0,0,0,1,2,0,0,0.5036
0,1,0,0,0,1,2,0,1,0.5036
0,1,0,0,0,1,2,1,0,0.2954
0,1,0,0,0,1,2,1,1,0.2954
0,1,0,0,0,1,2,2,0,0.2954
0,1,0,0,0,1,2,2,1,0.2954
0,1,0,0,1,0,1,0,0,0.5036
0,1,0,0,1,0,1,0,1,0.5036
0,1,0,0,1,0,1,1,0,0.4168
0,1,0,0,1,0,1,1,1,0.6065
0,1,0,0,1,0,1,2,0,0.723
0,1,0,0,1,0,1,2,1,0.7187
0,1,0,0,1,0,2,0,0,0.5036
0,1,0,0,1,0,2,0,1,0.5036
0,1,0,0,1,0,2,1,0,0.2954
0,1,0,0,1,0,2,1,1,0.2954
0,1,0,0,1,0,2,2,0,0.2954
0,1,0,0,1,0,2,2,1,0.2954
0,1,0,0,1,1,1,0,0,0.5036
0,1,0,0,1,1,1,0,1,0.5036
0,1,0,0,1,1,1,1,0,0.2134
0,1,0,0,1,1,1,1,1,0.7684
0,1,0,0,1,1,1,2,0,0.7231
0,1,0,0,1,1,1,2,1,0.7188
0,1,0,0,1,1,2,0,0,0.5036
0,1,0,0,1,1,2,0,1,0.5036
0,1,0,0,1,1,2,1,0,0.2954
0,1,0,0,1,1,2,1,1,0.2954
0,1,0,0,1,1,2,2,0,0.2954
0,1,0,0,1,1,2,2,1,0.2954
0,1,0,1,0,0,1,0,0,0.5036
0,1,0,1,0,0,1,0,1,0.5036
0,1,0,1,0,0,1,1,0,0.7238
0,1,0,1,0,0,1,1,1,0.2263
0,1,0,1,0,0,1,2,0,0.7231
0,1,0,1,0,0,1,2,1,0.7188
0,1,0,1,0,0,2,0,0,0.5036
0,1,0,1,0,0,2,0,1,0.5036
0,1,0,1,0,0,2,1,0,0.2954
0,1,0,1,0,0,2,1,1,0.2954
0,1,0,1,0,0,2,2,0,0.2954
0,1,0,1,0,0,2,2,1,0.2954
0,1,0,1,0,1,1,0,0,0.5036
0,1,0,1,0,1,1,0,1,0.5036
0,1,0,1,0,1,1,1,0,0.2189
0,1,0,1,0,1,1,1,1,0.4764
0,1,0,1,0,1,1,2,0,0.7231
0,1,0,1,0,1,1,2,1,0.7188
0,1,0,1,0,1,2,0,0,0.5036
0,1,0,1,0,1,2,0,1,0.5036
0,1,0,1,0,1,2,1,0,0.2954
0,1,0,1,0,1,2,1,1,0.2954
0,1,0,1,0,1,2,2,0,0.2954
0,1,0,1,0,1,2,2,1,0.2954
0,1,0,1,1,0,1,0,0,0.5036
0,1,0,1,1,0,1,0,1,0.5036
0,1,0,1,1,0,1,1,0,0.4168
0,1,0,1,1,0,1,1,1,0.6065
0,1,0,1,1,0,1,2,0,0.723
0,1,0,1,1,0,1,2,1,0.7187
0,1,0,1,1,0,2,0,0,0.5036
0,1,0,1,1,0,2,0,1,0.5036
0,1,0,1,1,0,2,1,0,0.2954
0,1,0,1,1,0,2,1,1,0.2954
0,1,0,1,1,0,2,2,0,0.2954
0,1,0,1,1,0,2,2,1,0.2954
0,1,0,1,1,1,1,0,0,0.5036
0,1,0,1,1,1,1,0,1,0.5036
0,1,0,1,1,1,1,1,0,0.2134
0,1,0,1,1,1,1,1,1,0.7684
0,1,0,1,1,1,1,2,0,0.7231
0,1,0,1,1,1,1,2,1,0.7188
0,1,0,1,1,1,2,0,0,0.5036
0,1,0,1,1,1,2,0,1,0.5036
0,1,0,1,1,1,2,1,0,0.2954
0,1,0,1,1,1,2,1,1,0.2954
0,1,0,1,1,1,2,2,0,0.2954
0,1,0,1,1,1,2,2,1,0.2954
0,1,1,0,0,0,1,0,0,0.5036
0,1,1,0,0,0,1,0,1,0.5036
0,1,1,0,0,0,1,1,0,0.2274
0,1,1,0,0,0,1,1,1,0.2269
0,1,1,0,0,0,1,2,0,0.7139
0,1,1,0,0,0,1,2,1,0.7136
0,1,1,0,0,0,2,0,0,0.5036
0,1,1,0,0,0,2,0,1,0.5036
0,1,1,0,0,0,2,1,0,0.2954
0,1,1,0,0,0,2,1,1,0.2954
0,1,1,0,0,0,2,2,0,0.2954
0,1,1,0,0,0,2,2,1,0.2954
0,1,1,0,0,1,1,0,0,0.5036
0,1,1,0,0,1,1,0,1,0.5036
0,1,1,0,0,1,1,1,0,0.2537
0,1,1,0,0,1,1,1,1,0.047
0,1,1,0,0,1,1,2,0,0.2539
0,1,1,0,0,1,1,2,1,0.2536
0,1,1,0,0,1,2,0,0,0.5036
0,1,1,0,0,1,2,0,1,0.5036
0,1,1,0,0,1,2,1,0,0.2954
0,1,1,0,0,1,2,1,1,0.2954
0,1,1,0,0,1,2,2,0,0.2954
0,1,1,0,0,1,2,2,1,0.2954
0,1,1,0,1,0,1,0,0,0.5036
0,1,1,0,1,0,1,0,1,0.5036
0,1,1,0,1,0,1,1,0,0.0527
0,1,1,0,1,0,1,1,1,0.2528
0,1,1,0,1,0,1,2,0,0.2535
0,1,1,0,1,0,1,2,1,0.253
0,1,1,0,1,0,2,0,0,0.5036
0,1,1,0,1,0,2,0,1,0.5036
0,1,1,0,1,0,2,1,0,0.2954
0,1,1,0,1,0,2,1,1,0.2954
0,1,1,0,1,0,2,2,0,0.2954
0,1,1,0,1,0,2,2,1,0.2954
0,1,1,0,1,1,1,0,0,0.5036
0,1,1,0,1,1,1,0,1,0.5036
0,1,1,0,1,1,1,1,0,0.0296
0,1,1,0,1,1,1,1,1,0.227
0,1,1,0,1,1,1,2,0,0.2534
0,1,1,0,1,1,1,2,1,0.253
0,1,1,0,1,1,2,0,0,0.5036
0,1,1,0,1,1,2,0,1,0.5036
0,1,1,0,1,1,2,1,0,0.2954
0,1,1,0,1,1,2,1,1,0.2954
0,1,1,0,1,1,2,2,0,0.2954
0,1,1,0,1,1,2,2,1,0.2954
0,1,1,1,0,0,1,0,0,0.5036
0,1,1,1,0,0,1,0,1,0.5036
0,1,1,1,0,0,1,1,0,0.2274
0,1,1,1,0,0,1,1,1,0.2269
0,1,1,1,0,0,1,2,0,0.7139
0,1,1,1,0,0,1,2,1,0.7136
0,1,1,1,0,0,2,0,0,0.5036
0,1,1,1,0,0,2,0,1,0.5036
0,1,1,1,0,0,2,1,0,0.2954
0,1,1,1,0,0,2,1,1,0.2954
0,1,1,1,0,0,2,2,0,0.2954
0,1,1,1,0,0,2,2,1,0.2954
0,1,1,1,0,1,1,0,0,0.5036
0,1,1,1,0,1,1,0,1,0.5036
0,1,1,1,0,1,1,1,0,0.2537
0,1,1,1,0,1,1,1,1,0.047
0,1,1,1,0,1,1,2,0,0.2539
0,1,1,1,0,1,1,2,1,0.2536
0,1,1,1,0,1,2,0,0,0.5036
0,1,1,1,0,1,2,0,1,0.5036
0,1,1,1,0,1,2,1,0,0.2954
0,1,1,1,0,1,2,1,1,0.2954
0,1,1,1,0,1,2,2,0,0.2954
0,1,1,1,0,1,2,2,1,0.2954
0,1,1,1,1,0,1,0,0,0.5036
0,1,1,1,1,0,1,0,1,0.5036
0,1,1,1,1,0,1,1,0,0.0527
0,1,1,1,1,0,1,1,1,0.2528
0,1,1,1,1,0,1,2,0,0.2535
0,1,1,1,1,0,1,2,1,0.253
0,1,1,1,1,0,2,0,0,0.5036
0,1,1,1,1,0,2,0,1,0.5036
0,1,1,1,1,0,2,1,0,0.2954
0,1,1,1,1,0,2,1,1,0.2954
0,1,1,1,1,0,2,2,0,0.2954
0,1,1,1,1,0,2,2,1,0.2954
0,1,1,1,1,1,1,0,0,0.5036
0,1,1,1,1,1,1,0,1,0.5036
0,1,1,1,1,1,1,1,0,0.0296
0,1,1,1,1,1,1,1,1,0.227
0,1,1,1,1,1,1,2,0,0.2534
0,1,1,1,1,1,1,2,1,0.253
0,1,1,1,1,1,2,0,0,0.5036
0,1,1,1,1,1,2,0,1,0.5036
0,1,1,1,1,1,2,1,0,0.2954
0,1,1,1,1,1,2,1,1,0.2954
0,1,1,1,1,1,2,2,0,0.2954
0,1,1,1,1,1,2,2,1,0.2954
1,0,0,0,0,0,1,0,0,0.5036
1,0,0,0,0,0,1,0,1,0.5036
1,0,0,0,0,0,1,1,0,0.2982
1,0,0,0,0,0,1,1,1,0.6556
1,0,0,0,0,0,1,2,0,0.2982
1,0,0,0,0,0,1,2,1,0.7408
1,0,0,0,0,0,2,0,0,0.5036
1,0,0,0,0,0,2,0,1,0.5036
1,0,0,0,0,0,2,1,0,0.9926
1,0,0,0,0,0,2,1,1,0.2954
1,0,0,0,0,0,2,2,0,0.9926
1,0,0,0,0,0,2,2,1,0.2954
1,0,0,0,0,1,1,0,0,0.5036
1,0,0,0,0,1,1,0,1,0.5036
1,0,0,0,0,1,1,1,0,0.5207
1,0,0,0,0,1,1,1,1,0.5197
1,0,0,0,0,1,1,2,0,0.727
1,0,0,0,0,1,1,2,1,0.7227
1,0,0,0,0,1,2,0,0,0.5036
1,0,0,0,0,1,2,0,1,0.5036
1,0,0,0,0,1,2,1,0,0.2954
1,0,0,0,0,1,2,1,1,0.2954
1,0,0,0,0,1,2,2,0,0.2954
1,0,0,0,0,1,2,2,1,0.2954
1,0,0,0,1,0,1,0,0,0.5036
1,0,0,0,1,0,1,0,1,0.5036
1,0,0,0,1,0,1,1,0,0.9734
1,0,0,0,1,0,1,1,1,0.5917
1,0,0,0,1,0,1,2,0,0.7268
1,0,0,0,1,0,1,2,1,0.7225
1,0,0,0,1,0,2,0,0,0.5036
1,0,0,0,1,0,2,0,1,0.5036
1,0,0,0,1,0,2,1,0,0.2954
1,0,0,0,1,0,2,1,1,0.2954
1,0,0,0,1,0,2,2,0,0.2954
1,0,0,0,1,0,2,2,1,0.2954
1,0,0,0,1,1,1,0,0,0.5036
1,0,0,0,1,1,1,0,1,0.5036
1,0,0,0,1,1,1,1,0,0.5411
1,0,0,0,1,1,1,1,1,0.7989
1,0,0,0,1,1,1,2,0,0.727
1,0,0,0,1,1,1,2,1,0.7227
1,0,0,0,1,1,2,0,0,0.5036
1,0,0,0,1,1,2,0,1,0.5036
1,0,0,0,1,1,2,1,0,0.2954
1,0,0,0,1,1,2,1,1,0.2954
1,0,0,0,1,1,2,2,0,0.2954
1,0,0,0,1,1,2,2,1,0.2954
1,0,0,1,0,0,1,0,0,0.5036
1,0,0,1,0,0,1,0,1,0.5036
1,0,0,1,0,0,1,1,0,0.5958
1,0,0,1,0,0,1,1,1,0.6556
1,0,0,1,0,0,1,2,0,0.727
1,0,0,1,0,0,1,2,1,0.7408
1,0,0,1,0,0,2,0,0,0.5036
1,0,0,1,0,0,2,0,1,0.5036
1,0,0,1,0,0,2,1,0,0.585
1,0,0,1,0,0,2,1,1,0.2954
1,0,0,1,0,0,2,2,0,0.2954
1,0,0,1,0,0,2,2,1,0.2954
1,0,0,1,0,1,1,0,0,0.5036
1,0,0,1,0,1,1,0,1,0.5036
1,0,0,1,0,1,1,1,0,0.5123
1,0,0,1,0,1,1,1,1,0.5197
1,0,0,1,0,1,1,2,0,0.7268
1,0,0,1,0,1,1,2,1,0.7227
1,0,0,1,0,1,2,0,0,0.5036
1,0,0,1,0,1,2,0,1,0.5036
1,0,0,1,0,1,2,1,0,0.2954
1,0,0,1,0,1,2,1,1,0.2954
1,0,0,1,0,1,2,2,0,0.2954
1,0,0,1,0,1,2,2,1,0.2954
1,0,0,1,1,0,1,0,0,0.5036
1,0,0,1,1,0,1,0,1,0.5036
1,0,0,1,1,0,1,1,0,0.9734
1,0,0,1,1,0,1,1,1,0.5917
1,0,0,1,1,0,1,2,0,0.7268
1,0,0,1,1,0,1,2,1,0.7225
1,0,0,1,1,0,2,0,0,0.5036
1,0,0,1,1,0,2,0,1,0.5036
1,0,0,1,1,0,2,1,0,0.2954
1,0,0,1,1,0,2,1,1,0.2954
1,0,0,1,1,0,2,2,0,0.2954
1,0,0,1,1,0,2,2,1,0.2954
1,0,0,1,1,1,1,0,0,0.5036
1,0,0,1,1,1,1,0,1,0.5036
1,0,0,1,1,1,1,1,0,0.5411
1,0,0,1,1,1,1,1,1,0.7989
1,0,0,1,1,1,1,2,0,0.727
1,0,0,1,1,1,1,2,1,0.7227
1,0,0,1,1,1,2,0,0,0.5036
1,0,0,1,1,1,2,0,1,0.5036
1,0,0,1,1,1,2,1,0,0.2954
1,0,0,1,1,1,2,1,1,0.2954
1,0,0,1,1,1,2,2,0,0.2954
1,0,0,1,1,1,2,2,1,0.2954
1,0,1,0,0,0,1,0,0,0.5036
1,0,1,0,0,0,1,0,1,0.5036
1,0,1,0,0,0,1,1,0,0.2534
1,0,1,0,0,0,1,1,1,0.2251
1,0,1,0,0,0,1,2,0,0.7139
1,0,1,0,0,0,1,2,1,0.7136
1,0,1,0,0,0,2,0,0,0.5036
1,0,1,0,0,0,2,0,1,0.5036
1,0,1,0,0,0,2,1,0,0.2954
1,0,1,0,0,0,2,1,1,0.2954
1,0,1,0,0,0,2,2,0,0.2954
1,0,1,0,0,0,2,2,1,0.2954
1,0,1,0,0,1,1,0,0,0.5036
1,0,1,0,0,1,1,0,1,0.5036
1,0,1,0,0,1,1,1,0,0.2538
1,0,1,0,0,1,1,1,1,0.2275
1,0,1,0,0,1,1,2,0,0.2539
1,0,1,0,0,1,1,2,1,0.2536
1,0,1,0,0,1,2,0,0,0.5036
1,0,1,0,0,1,2,0,1,0.5036
1,0,1,0,0,1,2,1,0,0.2954
1,0,1,0,0,1,2,1,1,0.2954
1,0,1,0,0,1,2,2,0,0.2954
1,0,1,0,0,1,2,2,1,0.2954
1,0,1,0,1,0,1,0,0,0.5036
1,0,1,0,1,0,1,0,1,0.5036
1,0,1,0,1,0,1,1,0,0.0466
1,0,1,0,1,0,1,1,1,0.2576
1,0,1,0,1,0,1,2,0,0.2535
1,0,1,0,1,0,1,2,1,0.253
1,0,1,0,1,0,2,0,0,0.5036
1,0,1,0,1,0,2,0,1,0.5036
1,0,1,0,1,0,2,1,0,0.2954
1,0,1,0,1,0,2,1,1,0.2954
1,0,1,0,1,0,2,2,0,0.2954
1,0,1,0,1,0,2,2,1,0.2954
1,0,1,0,1,1,1,0,0,0.5036
1,0,1,0,1,1,1,0,1,0.5036
1,0,1,0,1,1,1,1,0,0.2534
1,0,1,0,1,1,1,1,1,0.225
1,0,1,0,1,1,1,2,0,0.2534
1,0,1,0,1,1,1,2,1,0.253
1,0,1,0,1,1,2,0,0,0.5036
1,0,1,0,1,1,2,0,1,0.5036
1,0,1,0,1,1,2,1,0,0.2954
1,0,1,0,1,1,2,1,1,0.2954
1,0,1,0,1,1,2,2,0,0.2954
1,0,1,0,1,1,2,2,1,0.2954
1,0,1,1,0,0,1,0,0,0.5036
1,0,1,1,0,0,1,0,1,0.5036
1,0,1,1,0,0,1,1,0,0.2534
1,0,1,1,0,0,1,1,1,0.2251
1,0,1,1,0,0,1,2,0,0.7139
1,0,1,1,0,0,1,2,1,0.7136
1,0,1,1,0,0,2,0,0,0.5036
1,0,1,1,0,0,2,0,1,0.5036
1,0,1,1,0,0,2,1,0,0.2954
1,0,1,1,0,0,2,1,1,0.2954
1,0,1,1,0,0,2,2,0,0.2954
1,0,1,1,0,0,2,2,1,0.2954
1,0,1,1,0,1,1,0,0,0.5036
1,0,1,1,0,1,1,0,1,0.5036
1,0,1,1,0,1,1,1,0,0.2536
1,0,1,1,0,1,1,1,1,0.2275
1,0,1,1,0,1,1,2,0,0.2538
1,0,1,1,0,1,1,2,1,0.2536
1,0,1,1,0,1,2,0,0,0.5036
1,0,1,1,0,1,2,0,1,0.5036
1,0,1,1,0,1,2,1,0,0.2954
1,0,1,1,0,1,2,1,1,0.2954
1,0,1,1,0,1,2,2,0,0.2954
1,0,1,1,0,1,2,2,1,0.2954
1,0,1,1,1,0,1,0,0,0.5036
1,0,1,1,1,0,1,0,1,0.5036
1,0,1,1,1,0,1,1,0,0.0466
1,0,1,1,1,0,1,1,1,0.2576
1,0,1,1,1,0,1,2,0,0.2535
1,0,1,1,1,0,1,2,1,0.253
1,0,1,1,1,0,2,0,0,0.5036
1,0,1,1,1,0,2,0,1,0.5036
1,0,1,1,1,0,2,1,0,0.2954
1,0,1,1,1,0,2,1,1,0.2954
1,0,1,1,1,0,2,2,0,0.2954
1,0,1,1,1,0,2,2,1,0.2954
1,0,1,1,1,1,1,0,0,0.5036
1,0,1,1,1,1,1,0,1,0.5036
1,0,1,1,1,1,1,1,0,0.2534
1,0,1,1,1,1,1,1,1,0.225
1,0,1,1,1,1,1,2,0,0.2534
1,0,1,1,1,1,1,2,1,0.253
1,0,1,1,1,1,2,0,0,0.5036
1,0,1,1,1,1,2,0,1,0.5036
1,0,1,1,1,1,2,1,0,0.2954
1,0,1,1,1,1,2,1,1,0.2954
1,0,1,1,1,1,2,2,0,0.2954
1,0,1,1,1,1,2,2,1,0.2954
1,1,0,0,0,0,1,0,0,0.5036
1,1,0,0,0,0,1,0,1,0.5036
1,1,0,0,0,0,1,1,0,0.742
1,1,0,0,0,0,1,1,1,0.2263
1,1,0,0,0,0,1,2,0,0.2878
1,1,0,0,0,0,1,2,1,0.7188
1,1,0,0,0,0,2,0,0,0.5036
1,1,0,0,0,0,2,0,1,0.5036
1,1,0,0,0,0,2,1,0,0.2954
1,1,0,0,0,0,2,1,1,0.2954
1,1,0,0,0,0,2,2,0,0.2954
1,1,0,0,0,0,2,2,1,0.2954
1,1,0,0,0,1,1,0,0,0.5036
1,1,0,0,0,1,1,0,1,0.5036
1,1,0,0,0,1,1,1,0,0.7347
1,1,0,0,0,1,1,1,1,0.4764
1,1,0,0,0,1,1,2,0,0.7231
1,1,0,0,0,1,1,2,1,0.7188
1,1,0,0,0,1,2,0,0,0.5036
1,1,0,0,0,1,2,0,1,0.5036
1,1,0,0,0,1,2,1,0,0.2954
1,1,0,0,0,1,2,1,1,0.2954
1,1,0,0,0,1,2,2,0,0.2954
1,1,0,0,0,1,2,2,1,0.2954
1,1,0,0,1,0,1,0,0,0.5036
1,1,0,0,1,0,1,0,1,0.5036
1,1,0,0,1,0,1,1,0,0.4168
1,1,0,0,1,0,1,1,1,0.6065
1,1,0,0,1,0,1,2,0,0.723
1,1,0,0,1,0,1,2,1,0.7187
1,1,0,0,1,0,2,0,0,0.5036
1,1,0,0,1,0,2,0,1,0.5036
1,1,0,0,1,0,2,1,0,0.2954
1,1,0,0,1,0,2,1,1,0.2954
1,1,0,0,1,0,2,2,0,0.2954
1,1,0,0,1,0,2,2,1,0.2954
1,1,0,0,1,1,1,0,0,0.5036
1,1,0,0,1,1,1,0,1,0.5036
1,1,0,0,1,1,1,1,0,0.2134
1,1,0,0,1,1,1,1,1,0.7684
1,1,0,0,1,1,1,2,0,0.7231
1,1,0,0,1,1,1,2,1,0.7188
1,1,0,0,1,1,2,0,0,0.5036
1,1,0,0,1,1,2,0,1,0.5036
1,1,0,0,1,1,2,1,0,0.2954
1,1,0,0,1,1,2,1,1,0.2954
1,1,0,0,1,1,2,2,0,0.2954
1,1,0,0,1,1,2,2,1,0.2954
1,1,0,1,0,0,1,0,0,0.5036
1,1,0,1,0,0,1,0,1,0.5036
1,1,0,1,0,0,1,1,0,0.7238
1,1,0,1,0,0,1,1,1,0.2263
1,1,0,1,0,0,1,2,0,0.7231
1,1,0,1,0,0,1,2,1,0.7188
1,1,0,1,0,0,2,0,0,0.5036
1,1,0,1,0,0,2,0,1,0.5036
1,1,0,1,0,0,2,1,0,0.2954
1,1,0,1,0,0,2,1,1,0.2954
1,1,0,1,0,0,2,2,0,0.2954
1,1,0,1,0,0,2,2,1,0.2954
1,1,0,1,0,1,1,0,0,0.5036
1,1,0,1,0,1,1,0,1,0.5036
1,1,0,1,0,1,1,1,0,0.2357
1,1,0,1,0,1,1,1,1,0.4764
1,1,0,1,0,1,1,2,0,0.723
1,1,0,1,0,1,1,2,1,0.7188
1,1,0,1,0,1,2,0,0,0.5036
1,1,0,1,0,1,2,0,1,0.5036
1,1,0,1,0,1,2,1,0,0.2954
1,1,0,1,0,1,2,1,1,0.2954
1,1,0,1,0,1,2,2,0,0.2954
1,1,0,1,0,1,2,2,1,0.2954
1,1,0,1,1,0,1,0,0,0.5036
1,1,0,1,1,0,1,0,1,0.5036
1,1,0,1,1,0,1,1,0,0.4168
1,1,0,1,1,0,1,1,1,0.6065
1,1,0,1,1,0,1,2,0,0.723
1,1,0,1,1,0,1,2,1,0.7187
1,1,0,1,1,0,2,0,0,0.5036
1,1,0,1,1,0,2,0,1,0.5036
1,1,0,1,1,0,2,1,0,0.2954
1,1,0,1,1,0,2,1,1,0.2954
1,1,0,1,1,0,2,2,0,0.2954
1,1,0,1,1,0,2,2,1,0.2954
1,1,0,1,1,1,1,0,0,0.5036
1,1,0,1,1,1,1,0,1,0.5036
1,1,0,1,1,1,1,1,0,0.2134
1,1,0,1,1,1,1,1,1,0.7684
1,1,0,1,1,1,1,2,0,0.7231
1,1,0,1,1,1,1,2,1,0.7188
1,1,0,1,1,1,2,0,0,0.5036
1,1,0,1,1,1,2,0,1,0.5036
1,1,0,1,1,1,2,1,0,0.2954
1,1,0,1,1,1,2,1,1,0.2954
1,1,0,1,1,1,2,2,0,0.2954
1,1,0,1,1,1,2,2,1,0.2954
1,1,1,0,0,0,1,0,0,0.5036
1,1,1,0,0,0,1,0,1,0.5036
1,1,1,0,0,0,1,1,0,0.2274
1,1,1,0,0,0,1,1,1,0.2269
1,1,1,0,0,0,1,2,0,0.7139
1,1,1,0,0,0,1,2,1,0.7136
1,1,1,0,0,0,2,0,0,0.5036
1,1,1,0,0,0,2,0,1,0.5036
1,1,1,0,0,0,2,1,0,0.2954
1,1,1,0,0,0,2,1,1,0.2954
1,1,1,0,0,0,2,2,0,0.2954
1,1,1,0,0,0,2,2,1,0.2954
1,1,1,0,0,1,1,0,0,0.5036
1,1,1,0,0,1,1,0,1,0.5036
1,1,1,0,0,1,1,1,0,0.2537
1,1,1,0,0,1,1,1,1,0.047
1,1,1,0,0,1,1,2,0,0.2539
1,1,1,0,0,1,1,2,1,0.2536
1,1,1,0,0,1,2,0,0,0.5036
1,1,1,0,0,1,2,0,1,0.5036
1,1,1,0,0,1,2,1,0,0.2954
1,1,1,0,0,1,2,1,1,0.2954
1,1,1,0,0,1,2,2,0,0.2954
1,1,1,0,0,1,2,2,1,0.2954
1,1,1,0,1,0,1,0,0,0.5036
1,1,1,0,1,0,1,0,1,0.5036
1,1,1,0,1,0,1,1,0,0.0527
1,1,1,0,1,0,1,1,1,0.2528
1,1,1,0,1,0,1,2,0,0.2535
1,1,1,0,1,0,1,2,1,0.253
1,1,1,0,1,0,2,0,0,0.5036
1,1,1,0,1,0,2,0,1,0.5036
1,1,1,0,1,0,2,1,0,0.2954
1,1,1,0,1,0,2,1,1,0.2954
1,1,1,0,1,0,2,2,0,0.2954
1,1,1,0,1,0,2,2,1,0.2954
1,1,1,0,1,1,1,0,0,0.5036
1,1,1,0,1,1,1,0,1,0.5036
1,1,1,0,1,1,1,1,0,0.0296
1,1,1,0,1,1,1,1,1,0.227
1,1,1,0,1,1,1,2,0,0.2534
1,1,1,0,1,1,1,2,1,0.253
1,1,1,0,1,1,2,0,0,0.5036
1,1,1,0,1,1,2,0,1,0.5036
1,1,1,0,1,1,2,1,0,0.2954
1,1,1,0,1,1,2,1,1,0.2954
1,1,1,0,1,1,2,2,0,0.2954
1,1,1,0,1,1,2,2,1,0.2954
1,1,1,1,0,0,1,0,0,0.5036
1,1,1,1,0,0,1,0,1,0.5036
1,1,1,1,0,0,1,1,0,0.2274
1,1,1,1,0,0,1,1,1,0.2269
1,1,1,1,0,0,1,2,0,0.7139
1,1,1,1,0,0,1,2,1,0.7136
1,1,1,1,0,0,2,0,0,0.5036
1,1,1,1,0,0,2,0,1,0.5036
1,1,1,1,0,0,2,1,0,0.2954
1,1,1,1,0,0,2,1,1,0.2954
1,1,1,1,0,0,2,2,0,0.2954
1,1,1,1,0,0,2,2,1,0.2954
1,1,1,1,0,1,1,0,0,0.5036
1,1,1,1,0,1,1,0,1,0.5036
1,1,1,1,0,1,1,1,0,0.2537
1,1,1,1,0,1,1,1,1,0.047
1,1,1,1,0,1,1,2,0,0.2539
1,1,1,1,0,1,1,2,1,0.2536
1,1,1,1,0,1,2,0,0,0.5036
1,1,1,1,0,1,2,0,1,0.5036
1,1,1,1,0,1,2,1,0,0.2954
1,1,1,1,0,1,2,1,1,0.2954
1,1,1,1,0,1,2,2,0,0.2954
1,1,1,1,0,1,2,2,1,0.2954
1,1,1,1,1,0,1,0,0,0.5036
1,1,1,1,1,0,1,0,1,0.5036
1,1,1,1,1,0,1,1,0,0.0527
1,1,1,1,1,0,1,1,1,0.2528
1,1,1,1,1,0,1,2,0,0.2535
1,1,1,1,1,0,1,2,1,0.253
1,1,1,1,1,0,2,0,0,0.5036
1,1,1,1,1,0,2,0,1,0.5036
1,1,1,1,1,0,2,1,0,0.2954
1,1,1,1,1,0,2,1,1,0.2954
1,1,1,1,1,0,2,2,0,0.2954
1,1,1,1,1,0,2,2,1,0.2954
1,1,1,1,1,1,1,0,0,0.5036
1,1,1,1,1,1,1,0,1,0.5036
1,1,1,1,1,1,1,1,0,0.0296
1,1,1,1,1,1,1,1,1,0.227
1,1,1,1,1,1,1,2,0,0.2534
1,1,1,1,1,1,1,2,1,0.253
1,1,1,1,1,1,2,0,0,0.5036
1,1,1,1,1,1,2,0,1,0.5036
1,1,1,1,1,1,2,1,0,0.2954
1,1,1,1,1,1,2,1,1,0.2954
1,1,1,1,1,1,2,2,0,0.2954
1,1,1,1,1,1,2,2,1,0.2954
2,0,0,0,0,0,1,0,0,0.5036
2,0,0,0,0,0,1,0,1,0.5036
2,0,0,0,0,0,1,1,0,0.2982
2,0,0,0,0,0,1,1,1,0.2795
2,0,0,0,0,0,1,2,0,0.2982
2,0,0,0,0,0,1,2,1,0.7406
2,0,0,0,0,0,2,0,0,0.5036
2,0,0,0,0,0,2,0,1,0.5036
2,0,0,0,0,0,2,1,0,0.9926
2,0,0,0,0,0,2,1,1,0.2954
2,0,0,0,0,0,2,2,0,0.9926
2,0,0,0,0,0,2,2,1,0.2954
2,0,0,0,0,1,1,0,0,0.5036
2,0,0,0,0,1,1,0,1,0.5036
2,0,0,0,0,1,1,1,0,0.5207
2,0,0,0,0,1,1,1,1,0.5185
2,0,0,0,0,1,1,2,0,0.727
2,0,0,0,0,1,1,2,1,0.7227
2,0,0,0,0,1,2,0,0,0.5036
2,0,0,0,0,1,2,0,1,0.5036
2,0,0,0,0,1,2,1,0,0.2954
2,0,0,0,0,1,2,1,1,0.2954
2,0,0,0,0,1,2,2,0,0.2954
2,0,0,0,0,1,2,2,1,0.2954
2,0,0,0,1,0,1,0,0,0.5036
2,0,0,0,1,0,1,0,1,0.5036
2,0,0,0,1,0,1,1,0,0.3454
2,0,0,0,1,0,1,1,1,0.5018
2,0,0,0,1,0,1,2,0,0.7268
2,0,0,0,1,0,1,2,1,0.7225
2,0,0,0,1,0,2,0,0,0.5036
2,0,0,0,1,0,2,0,1,0.5036
2,0,0,0,1,0,2,1,0,0.2954
2,0,0,0,1,0,2,1,1,0.2954
2,0,0,0,1,0,2,2,0,0.2954
2,0,0,0,1,0,2,2,1,0.2954
2,0,0,0,1,1,1,0,0,0.5036
2,0,0,0,1,1,1,0,1,0.5036
2,0,0,0,1,1,1,1,0,0.7275
2,0,0,0,1,1,1,1,1,0.4084
2,0,0,0,1,1,1,2,0,0.727
2,0,0,0,1,1,1,2,1,0.7227
2,0,0,0,1,1,2,0,0,0.5036
2,0,0,0,1,1,2,0,1,0.5036
2,0,0,0,1,1,2,1,0,0.2954
2,0,0,0,1,1,2,1,1,0.2954
2,0,0,0,1,1,2,2,0,0.2954
2,0,0,0,1,1,2,2,1,0.2954
2,0,0,1,0,0,1,0,0,0.5036
2,0,0,1,0,0,1,0,1,0.5036
2,0,0,1,0,0,1,1,0,0.2176
2,0,0,1,0,0,1,1,1,0.2795
2,0,0,1,0,0,1,2,0,0.7272
2,0,0,1,0,0,1,2,1,0.7406
2,0,0,1,0,0,2,0,0,0.5036
2,0,0,1,0,0,2,0,1,0.5036
2,0,0,1,0,0,2,1,0,0.2068
2,0,0,1,0,0,2,1,1,0.2954
2,0,0,1,0,0,2,2,0,0.2954
2,0,0,1,0,0,2,2,1,0.2954
2,0,0,1,0,1,1,0,0,0.5036
2,0,0,1,0,1,1,0,1,0.5036
2,0,0,1,0,1,1,1,0,0.3374
2,0,0,1,0,1,1,1,1,0.5185
2,0,0,1,0,1,1,2,0,0.7268
2,0,0,1,0,1,1,2,1,0.7227
2,0,0,1,0,1,2,0,0,0.5036
2,0,0,1,0,1,2,0,1,0.5036
2,0,0,1,0,1,2,1,0,0.2954
2,0,0,1,0,1,2,1,1,0.2954
2,0,0,1,0,1,2,2,0,0.2954
2,0,0,1,0,1,2,2,1,0.2954
2,0,0,1,1,0,1,0,0,0.5036
2,0,0,1,1,0,1,0,1,0.5036
2,0,0,1,1,0,1,1,0,0.3531
2,0,0,1,1,0,1,1,1,0.5018
2,0,0,1,1,0,1,2,0,0.7268
2,0,0,1,1,0,1,2,1,0.7225
2,0,0,1,1,0,2,0,0,0.5036
2,0,0,1,1,0,2,0,1,0.5036
2,0,0,1,1,0,2,1,0,0.2954
2,0,0,1,1,0,2,1,1,0.2954
2,0,0,1,1,0,2,2,0,0.2954
2,0,0,1,1,0,2,2,1,0.2954
2,0,0,1,1,1,1,0,0,0.5036
2,0,0,1,1,1,1,0,1,0.5036
2,0,0,1,1,1,1,1,0,0.8021
2,0,0,1,1,1,1,1,1,0.4084
2,0,0,1,1,1,1,2,0,0.727
2,0,0,1,1,1,1,2,1,0.7227
2,0,0,1,1,1,2,0,0,0.5036
2,0,0,1,1,1,2,0,1,0.5036
2,0,0,1,1,1,2,1,0,0.2954
2,0,0,1,1,1,2,1,1,0.2954
2,0,0,1,1,1,2,2,0,0.2954
2,0,0,1,1,1,2,2,1,0.2954
2,0,1,0,0,0,1,0,0,0.5036
2,0,1,0,0,0,1,0,1,0.5036
2,0,1,0,0,0,1,1,0,0.0495
2,0,1,0,0,0,1,1,1,0.2251
2,0,1,0,0,0,1,2,0,0.7142
2,0,1,0,0,0,1,2,1,0.7136
2,0,1,0,0,0,2,0,0,0.5036
2,0,1,0,0,0,2,0,1,0.5036
2,0,1,0,0,0,2,1,0,0.2954
2,0,1,0,0,0,2,1,1,0.2954
2,0,1,0,0,0,2,2,0,0.2954
2,0,1,0,0,0,2,2,1,0.2954
2,0,1,0,0,1,1,0,0,0.5036
2,0,1,0,0,1,1,0,1,0.5036
2,0,1,0,0,1,1,1,0,0.0745
2,0,1,0,0,1,1,1,1,0.225
2,0,1,0,0,1,1,2,0,0.7053
2,0,1,0,0,1,1,2,1,0.7055
2,0,1,0,0,1,2,0,0,0.5036
2,0,1,0,0,1,2,0,1,0.5036
2,0,1,0,0,1,2,1,0,0.2954
2,0,1,0,0,1,2,1,1,0.2954
2,0,1,0,0,1,2,2,0,0.2954
2,0,1,0,0,1,2,2,1,0.2954
2,0,1,0,1,0,1,0,0,0.5036
2,0,1,0,1,0,1,0,1,0.5036
2,0,1,0,1,0,1,1,0,0.2249
2,0,1,0,1,0,1,1,1,0.2251
2,0,1,0,1,0,1,2,0,0.7142
2,0,1,0,1,0,1,2,1,0.7135
2,0,1,0,1,0,2,0,0,0.5036
2,0,1,0,1,0,2,0,1,0.5036
2,0,1,0,1,0,2,1,0,0.2954
2,0,1,0,1,0,2,1,1,0.2954
2,0,1,0,1,0,2,2,0,0.2954
2,0,1,0,1,0,2,2,1,0.2954
2,0,1,0,1,1,1,0,0,0.5036
2,0,1,0,1,1,1,0,1,0.5036
2,0,1,0,1,1,1,1,0,0.2536
2,0,1,0,1,1,1,1,1,0.2252
2,0,1,0,1,1,1,2,0,0.7053
2,0,1,0,1,1,1,2,1,0.7055
2,0,1,0,1,1,2,0,0,0.5036
2,0,1,0,1,1,2,0,1,0.5036
2,0,1,0,1,1,2,1,0,0.2954
2,0,1,0,1,1,2,1,1,0.2954
2,0,1,0,1,1,2,2,0,0.2954
2,0,1,0,1,1,2,2,1,0.2954
2,0,1,1,0,0,1,0,0,0.5036
2,0,1,1,0,0,1,0,1,0.5036
2,0,1,1,0,0,1,1,0,0.6841
2,0,1,1,0,0,1,1,1,0.2251
2,0,1,1,0,0,1,2,0,0.7142
2,0,1,1,0,0,1,2,1,0.7136
2,0,1,1,0,0,2,0,0,0.5036
2,0,1,1,0,0,2,0,1,0.5036
2,0,1,1,0,0,2,1,0,0.2954
2,0,1,1,0,0,2,1,1,0.2954
2,0,1,1,0,0,2,2,0,0.2954
2,0,1,1,0,0,2,2,1,0.2954
2,0,1,1,0,1,1,0,0,0.5036
2,0,1,1,0,1,1,0,1,0.5036
2,0,1,1,0,1,1,1,0,0.0292
2,0,1,1,0,1,1,1,1,0.225
2,0,1,1,0,1,1,2,0,0.7053
2,0,1,1,0,1,1,2,1,0.7055
2,0,1,1,0,1,2,0,0,0.5036
2,0,1,1,0,1,2,0,1,0.5036
2,0,1,1,0,1,2,1,0,0.2954
2,0,1,1,0,1,2,1,1,0.2954
2,0,1,1,0,1,2,2,0,0.2954
2,0,1,1,0,1,2,2,1,0.2954
2,0,1,1,1,0,1,0,0,0.5036
2,0,1,1,1,0,1,0,1,0.5036
2,0,1,1,1,0,1,1,0,0.5309
2,0,1,1,1,0,1,1,1,0.2251
2,0,1,1,1,0,1,2,0,0.7142
2,0,1,1,1,0,1,2,1,0.7135
2,0,1,1,1,0,2,0,0,0.5036
2,0,1,1,1,0,2,0,1,0.5036
2,0,1,1,1,0,2,1,0,0.2954
2,0,1,1,1,0,2,1,1,0.2954
2,0,1,1,1,0,2,2,0,0.2954
2,0,1,1,1,0,2,2,1,0.2954
2,0,1,1,1,1,1,0,0,0.5036
2,0,1,1,1,1,1,0,1,0.5036
2,0,1,1,1,1,1,1,0,0.7491
2,0,1,1,1,1,1,1,1,0.2252
2,0,1,1,1,1,1,2,0,0.7053
2,0,1,1,1,1,1,2,1,0.7055
2,0,1,1,1,1,2,0,0,0.5036
2,0,1,1,1,1,2,0,1,0.5036
2,0,1,1,1,1,2,1,0,0.2954
2,0,1,1,1,1,2,1,1,0.2954
2,0,1,1,1,1,2,2,0,0.2954
2,0,1,1,1,1,2,2,1,0.2954
2,1,0,0,0,0,1,0,0,0.5036
2,1,0,0,0,0,1,0,1,0.5036
2,1,0,0,0,0,1,1,0,0.2878
2,1,0,0,0,0,1,1,1,0.7842
2,1,0,0,0,0,1,2,0,0.2954
2,1,0,0,0,0,1,2,1,0.6884
2,1,0,0,0,0,2,0,0,0.5036
2,1,0,0,0,0,2,0,1,0.5036
2,1,0,0,0,0,2,1,0,0.2954
2,1,0,0,0,0,2,1,1,0.2954
2,1,0,0,0,0,2,2,0,0.2954
2,1,0,0,0,0,2,2,1,0.2954
2,1,0,0,0,1,1,0,0,0.5036
2,1,0,0,0,1,1,0,1,0.5036
2,1,0,0,0,1,1,1,0,0.7176
2,1,0,0,0,1,1,1,1,0.8594
2,1,0,0,0,1,1,2,0,0.7164
2,1,0,0,0,1,1,2,1,0.7407
2,1,0,0,0,1,2,0,0,0.5036
2,1,0,0,0,1,2,0,1,0.5036
2,1,0,0,0,1,2,1,0,0.2954
2,1,0,0,0,1,2,1,1,0.2954
2,1,0,0,0,1,2,2,0,0.2954
2,1,0,0,0,1,2,2,1,0.2954
2,1,0,0,1,0,1,0,0,0.5036
2,1,0,0,1,0,1,0,1,0.5036
2,1,0,0,1,0,1,1,0,0.7176
2,1,0,0,1,0,1,1,1,0.5202
2,1,0,0,1,0,1,2,0,0.7164
2,1,0,0,1,0,1,2,1,0.7407
2,1,0,0,1,0,2,0,0,0.5036
2,1,0,0,1,0,2,0,1,0.5036
2,1,0,0,1,0,2,1,0,0.2954
2,1,0,0,1,0,2,1,1,0.2954
2,1,0,0,1,0,2,2,0,0.2954
2,1,0,0,1,0,2,2,1,0.2954
2,1,0,0,1,1,1,0,0,0.5036
2,1,0,0,1,1,1,0,1,0.5036
2,1,0,0,1,1,1,1,0,0.4033
2,1,0,0,1,1,1,1,1,0.6792
2,1,0,0,1,1,1,2,0,0.7164
2,1,0,0,1,1,1,2,1,0.7407
2,1,0,0,1,1,2,0,0,0.5036
2,1,0,0,1,1,2,0,1,0.5036
2,1,0,0,1,1,2,1,0,0.2954
2,1,0,0,1,1,2,1,1,0.2954
2,1,0,0,1,1,2,2,0,0.2954
2,1,0,0,1,1,2,2,1,0.2954
2,1,0,1,0,0,1,0,0,0.5036
2,1,0,1,0,0,1,0,1,0.5036
2,1,0,1,0,0,1,1,0,0.4366
2,1,0,1,0,0,1,1,1,0.7842
2,1,0,1,0,0,1,2,0,0.7163
2,1,0,1,0,0,1,2,1,0.6884
2,1,0,1,0,0,2,0,0,0.5036
2,1,0,1,0,0,2,0,1,0.5036
2,1,0,1,0,0,2,1,0,0.2954
2,1,0,1,0,0,2,1,1,0.2954
2,1,0,1,0,0,2,2,0,0.2954
2,1,0,1,0,0,2,2,1,0.2954
2,1,0,1,0,1,1,0,0,0.5036
2,1,0,1,0,1,1,0,1,0.5036
2,1,0,1,0,1,1,1,0,0.7164
2,1,0,1,0,1,1,1,1,0.8594
2,1,0,1,0,1,1,2,0,0.7176
2,1,0,1,0,1,1,2,1,0.7407
2,1,0,1,0,1,2,0,0,0.5036
2,1,0,1,0,1,2,0,1,0.5036
2,1,0,1,0,1,2,1,0,0.2954
2,1,0,1,0,1,2,1,1,0.2954
2,1,0,1,0,1,2,2,0,0.2954
2,1,0,1,0,1,2,2,1,0.2954
2,1,0,1,1,0,1,0,0,0.5036
2,1,0,1,1,0,1,0,1,0.5036
2,1,0,1,1,0,1,1,0,0.7164
2,1,0,1,1,0,1,1,1,0.5202
2,1,0,1,1,0,1,2,0,0.7176
2,1,0,1,1,0,1,2,1,0.7407
2,1,0,1,1,0,2,0,0,0.5036
2,1,0,1,1,0,2,0,1,0.5036
2,1,0,1,1,0,2,1,0,0.2954
2,1,0,1,1,0,2,1,1,0.2954
2,1,0,1,1,0,2,2,0,0.2954
2,1,0,1,1,0,2,2,1,0.2954
2,1,0,1,1,1,1,0,0,0.5036
2,1,0,1,1,1,1,0,1,0.5036
2,1,0,1,1,1,1,1,0,0.7164
2,1,0,1,1,1,1,1,1,0.6792
2,1,0,1,1,1,1,2,0,0.7176
2,1,0,1,1,1,1,2,1,0.7407
2,1,0,1,1,1,2,0,0,0.5036
2,1,0,1,1,1,2,0,1,0.5036
2,1,0,1,1,1,2,1,0,0.2954
2,1,0,1,1,1,2,1,1,0.2954
2,1,0,1,1,1,2,2,0,0.2954
2,1,0,1,1,1,2,2,1,0.2954
2,1,1,0,0,0,1,0,0,0.5036
2,1,1,0,0,0,1,0,1,0.5036
2,1,1,0,0,0,1,1,0,0.735
2,1,1,0,0,0,1,1,1,0.0324
2,1,1,0,0,0,1,2,0,0.735
2,1,1,0,0,0,1,2,1,0.7352
2,1,1,0,0,0,2,0,0,0.5036
2,1,1,0,0,0,2,0,1,0.5036
2,1,1,0,0,0,2,1,0,0.2954
2,1,1,0,0,0,2,1,1,0.2954
2,1,1,0,0,0,2,2,0,0.2954
2,1,1,0,0,0,2,2,1,0.2954
2,1,1,0,0,1,1,0,0,0.5036
2,1,1,0,0,1,1,0,1,0.5036
2,1,1,0,0,1,1,1,0,0.7258
2,1,1,0,0,1,1,1,1,0.2252
2,1,1,0,0,1,1,2,0,0.7258
2,1,1,0,0,1,1,2,1,0.7253
2,1,1,0,0,1,2,0,0,0.5036
2,1,1,0,0,1,2,0,1,0.5036
2,1,1,0,0,1,2,1,0,0.1178
2,1,1,0,0,1,2,1,1,0.2954
2,1,1,0,0,1,2,2,0,0.1178
2,1,1,0,0,1,2,2,1,0.2954
2,1,1,0,1,0,1,0,0,0.5036
2,1,1,0,1,0,1,0,1,0.5036
2,1,1,0,1,0,1,1,0,0.7345
2,1,1,0,1,0,1,1,1,0.2251
2,1,1,0,1,0,1,2,0,0.7345
2,1,1,0,1,0,1,2,1,0.734
2,1,1,0,1,0,2,0,0,0.5036
2,1,1,0,1,0,2,0,1,0.5036
2,1,1,0,1,0,2,1,0,0.2954
2,1,1,0,1,0,2,1,1,0.2954
2,1,1,0,1,0,2,2,0,0.2954
2,1,1,0,1,0,2,2,1,0.2954
2,1,1,0,1,1,1,0,0,0.5036
2,1,1,0,1,1,1,0,1,0.5036
2,1,1,0,1,1,1,1,0,0.0492
2,1,1,0,1,1,1,1,1,0.2269
2,1,1,0,1,1,1,2,0,0.7258
2,1,1,0,1,1,1,2,1,0.7253
2,1,1,0,1,1,2,0,0,0.5036
2,1,1,0,1,1,2,0,1,0.5036
2,1,1,0,1,1,2,1,0,0.2954
2,1,1,0,1,1,2,1,1,0.2954
2,1,1,0,1,1,2,2,0,0.2954
2,1,1,0,1,1,2,2,1,0.2954
2,1,1,1,0,0,1,0,0,0.5036
2,1,1,1,0,0,1,0,1,0.5036
2,1,1,1,0,0,1,1,0,0.735
2,1,1,1,0,0,1,1,1,0.0324
2,1,1,1,0,0,1,2,0,0.735
2,1,1,1,0,0,1,2,1,0.7352
2,1,1,1,0,0,2,0,0,0.5036
2,1,1,1,0,0,2,0,1,0.5036
2,1,1,1,0,0,2,1,0,0.1192
2,1,1,1,0,0,2,1,1,0.2954
2,1,1,1,0,0,2,2,0,0.1192
2,1,1,1,0,0,2,2,1,0.2954
2,1,1,1,0,1,1,0,0,0.5036
2,1,1,1,0,1,1,0,1,0.5036
2,1,1,1,0,1,1,1,0,0.7258
2,1,1,1,0,1,1,1,1,0.2252
2,1,1,1,0,1,1,2,0,0.7258
2,1,1,1,0,1,1,2,1,0.7253
2,1,1,1,0,1,2,0,0,0.5036
2,1,1,1,0,1,2,0,1,0.5036
2,1,1,1,0,1,2,1,0,0.1178
2,1,1,1,0,1,2,1,1,0.2954
2,1,1,1,0,1,2,2,0,0.1178
2,1,1,1,0,1,2,2,1,0.2954
2,1,1,1,1,0,1,0,0,0.5036
2,1,1,1,1,0,1,0,1,0.5036
2,1,1,1,1,0,1,1,0,0.7345
2,1,1,1,1,0,1,1,1,0.2251
2,1,1,1,1,0,1,2,0,0.7345
2,1,1,1,1,0,1,2,1,0.734
2,1,1,1,1,0,2,0,0,0.5036
2,1,1,1,1,0,2,0,1,0.5036
2,1,1,1,1,0,2,1,0,0.2954
2,1,1,1,1,0,2,1,1,0.2954
2,1,1,1,1,0,2,2,0,0.2954
2,1,1,1,1,0,2,2,1,0.2954
2,1,1,1,1,1,1,0,0,0.5036
2,1,1,1,1,1,1,0,1,0.5036
2,1,1,1,1,1,1,1,0,0.7258
2,1,1,1,1,1,1,1,1,0.2269
2,1,1,1,1,1,1,2,0,0.7258
2,1,1,1,1,1,1,2,1,0.7253
2,1,1,1,1,1,2,0,0,0.5036
2,1,1,1,1,1,2,0,1,0.5036
2,1,1,1,1,1,2,1,0,0.1178
2,1,1,1,1,1,2,1,1,0.2954
2,1,1,1,1,1,2,2,0,0.1178
2,1,1,1,1,1,2,2,1,0.2954
3,0,0,0,0,0,1,0,0,0.5036
3,0,0,0,0,0,1,0,1,0.5036
3,0,0,0,0,0,1,1,0,0.2982
3,0,0,0,0,0,1,1,1,0.2795
3,0,0,0,0,0,1,2,0,0.2982
3,0,0,0,0,0,1,2,1,0.7406
3,0,0,0,0,0,2,0,0,0.5036
3,0,0,0,0,0,2,0,1,0.5036
3,0,0,0,0,0,2,1,0,0.9926
3,0,0,0,0,0,2,1,1,0.2954
3,0,0,0,0,0,2,2,0,0.9926
3,0,0,0,0,0,2,2,1,0.2954
3,0,0,0,0,1,1,0,0,0.5036
3,0,0,0,0,1,1,0,1,0.5036
3,0,0,0,0,1,1,1,0,0.5207
3,0,0,0,0,1,1,1,1,0.5185
3,0,0,0,0,1,1,2,0,0.727
3,0,0,0,0,1,1,2,1,0.7227
3,0,0,0,0,1,2,0,0,0.5036
3,0,0,0,0,1,2,0,1,0.5036
3,0,0,0,0,1,2,1,0,0.2954
3,0,0,0,0,1,2,1,1,0.2954
3,0,0,0,0,1,2,2,0,0.2954
3,0,0,0,0,1,2,2,1,0.2954
3,0,0,0,1,0,1,0,0,0.5036
3,0,0,0,1,0,1,0,1,0.5036
3,0,0,0,1,0,1,1,0,0.3454
3,0,0,0,1,0,1,1,1,0.5018
3,0,0,0,1,0,1,2,0,0.7268
3,0,0,0,1,0,1,2,1,0.7225
3,0,0,0,1,0,2,0,0,0.5036
3,0,0,0,1,0,2,0,1,0.5036
3,0,0,0,1,0,2,1,0,0.2954
3,0,0,0,1,0,2,1,1,0.2954
3,0,0,0,1,0,2,2,0,0.2954
3,0,0,0,1,0,2,2,1,0.2954
3,0,0,0,1,1,1,0,0,0.5036
3,0,0,0,1,1,1,0,1,0.5036
3,0,0,0,1,1,1,1,0,0.7275
3,0,0,0,1,1,1,1,1,0.4084
3,0,0,0,1,1,1,2,0,0.727
3,0,0,0,1,1,1,2,1,0.7227
3,0,0,0,1,1,2,0,0,0.5036
3,0,0,0,1,1,2,0,1,0.5036
3,0,0,0,1,1,2,1,0,0.2954
3,0,0,0,1,1,2,1,1,0.2954
3,0,0,0,1,1,2,2,0,0.2954
3,0,0,0,1,1,2,2,1,0.2954
3,0,0,1,0,0,1,0,0,0.5036
3,0,0,1,0,0,1,0,1,0.5036
3,0,0,1,0,0,1,1,0,0.2176
3,0,0,1,0,0,1,1,1,0.2795
3,0,0,1,0,0,1,2,0,0.7272
3,0,0,1,0,0,1,2,1,0.7406
3,0,0,1,0,0,2,0,0,0.5036
3,0,0,1,0,0,2,0,1,0.5036
3,0,0,1,0,0,2,1,0,0.2068
3,0,0,1,0,0,2,1,1,0.2954
3,0,0,1,0,0,2,2,0,0.2954
3,0,0,1,0,0,2,2,1,0.2954
3,0,0,1,0,1,1,0,0,0.5036
3,0,0,1,0,1,1,0,1,0.5036
3,0,0,1,0,1,1,1,0,0.3374
3,0,0,1,0,1,1,1,1,0.5185
3,0,0,1,0,1,1,2,0,0.7268
3,0,0,1,0,1,1,2,1,0.7227
3,0,0,1,0,1,2,0,0,0.5036
3,0,0,1,0,1,2,0,1,0.5036
3,0,0,1,0,1,2,1,0,0.2954
3,0,0,1,0,1,2,1,1,0.2954
3,0,0,1,0,1,2,2,0,0.2954
3,0,0,1,0,1,2,2,1,0.2954
3,0,0,1,1,0,1,0,0,0.5036
3,0,0,1,1,0,1,0,1,0.5036
3,0,0,1,1,0,1,1,0,0.3531
3,0,0,1,1,0,1,1,1,0.5018
3,0,0,1,1,0,1,2,0,0.7268
3,0,0,1,1,0,1,2,1,0.7225
3,0,0,1,1,0,2,0,0,0.5036
3,0,0,1,1,0,2,0,1,0.5036
3,0,0,1,1,0,2,1,0,0.2954
3,0,0,1,1,0,2,1,1,0.2954
3,0,0,1,1,0,2,2,0,0.2954
3,0,0,1,1,0,2,2,1,0.2954
3,0,0,1,1,1,1,0,0,0.5036
3,0,0,1,1,1,1,0,1,0.5036
3,0,0,1,1,1,1,1,0,0.8021
3,0,0,1,1,1,1,1,1,0.4084
3,0,0,1,1,1,1,2,0,0.727
3,0,0,1,1,1,1,2,1,0.7227
3,0,0,1,1,1,2,0,0,0.5036
3,0,0,1,1,1,2,0,1,0.5036
3,0,0,1,1,1,2,1,0,0.2954
3,0,0,1,1,1,2,1,1,0.2954
3,0,0,1,1,1,2,2,0,0.2954
3,0,0,1,1,1,2,2,1,0.2954
3,0,1,0,0,0,1,0,0,0.5036
3,0,1,0,0,0,1,0,1,0.5036
3,0,1,0,0,0,1,1,0,0.0495
3,0,1,0,0,0,1,1,1,0.2251
3,0,1,0,0,0,1,2,0,0.7142
3,0,1,0,0,0,1,2,1,0.7136
3,0,1,0,0,0,2,0,0,0.5036
3,0,1,0,0,0,2,0,1,0.5036
3,0,1,0,0,0,2,1,0,0.2954
3,0,1,0,0,0,2,1,1,0.2954
3,0,1,0,0,0,2,2,0,0.2954
3,0,1,0,0,0,2,2,1,0.2954
3,0,1,0,0,1,1,0,0,0.5036
3,0,1,0,0,1,1,0,1,0.5036
3,0,1,0,0,1,1,1,0,0.0745
3,0,1,0,0,1,1,1,1,0.225
3,0,1,0,0,1,1,2,0,0.7053
3,0,1,0,0,1,1,2,1,0.7055
3,0,1,0,0,1,2,0,0,0.5036
3,0,1,0,0,1,2,0,1,0.5036
3,0,1,0,0,1,2,1,0,0.2954
3,0,1,0,0,1,2,1,1,0.2954
3,0,1,0,0,1,2,2,0,0.2954
3,0,1,0,0,1,2,2,1,0.2954
3,0,1,0,1,0,1,0,0,0.5036
3,0,1,0,1,0,1,0,1,0.5036
3,0,1,0,1,0,1,1,0,0.2249
3,0,1,0,1,0,1,1,1,0.2251
3,0,1,0,1,0,1,2,0,0.7142
3,0,1,0,1,0,1,2,1,0.7135
3,0,1,0,1,0,2,0,0,0.5036
3,0,1,0,1,0,2,0,1,0.5036
3,0,1,0,1,0,2,1,0,0.2954
3,0,1,0,1,0,2,1,1,0.2954
3,0,1,0,1,0,2,2,0,0.2954
3,0,1,0,1,0,2,2,1,0.2954
3,0,1,0,1,1,1,0,0,0.5036
3,0,1,0,1,1,1,0,1,0.5036
3,0,1,0,1,1,1,1,0,0.2536
3,0,1,0,1,1,1,1,1,0.2252
3,0,1,0,1,1,1,2,0,0.7053
3,0,1,0,1,1,1,2,1,0.7055
3,0,1,0,1,1,2,0,0,0.5036
3,0,1,0,1,1,2,0,1,0.5036
3,0,1,0,1,1,2,1,0,0.2954
3,0,1,0,1,1,2,1,1,0.2954
3,0,1,0,1,1,2,2,0,0.2954
3,0,1,0,1,1,2,2,1,0.2954
3,0,1,1,0,0,1,0,0,0.5036
3,0,1,1,0,0,1,0,1,0.5036
3,0,1,1,0,0,1,1,0,0.6841
3,0,1,1,0,0,1,1,1,0.2251
3,0,1,1,0,0,1,2,0,0.7142
3,0,1,1,0,0,1,2,1,0.7136
3,0,1,1,0,0,2,0,0,0.5036
3,0,1,1,0,0,2,0,1,0.5036
3,0,1,1,0,0,2,1,0,0.2954
3,0,1,1,0,0,2,1,1,0.2954
3,0,1,1,0,0,2,2,0,0.2954
3,0,1,1,0,0,2,2,1,0.2954
3,0,1,1,0,1,1,0,0,0.5036
3,0,1,1,0,1,1,0,1,0.5036
3,0,1,1,0,1,1,1,0,0.0292
3,0,1,1,0,1,1,1,1,0.225
3,0,1,1,0,1,1,2,0,0.7053
3,0,1,1,0,1,1,2,1,0.7055
3,0,1,1,0,1,2,0,0,0.5036
3,0,1,1,0,1,2,0,1,0.5036
3,0,1,1,0,1,2,1,0,0.2954
3,0,1,1,0,1,2,1,1,0.2954
3,0,1,1,0,1,2,2,0,0.2954
3,0,1,1,0,1,2,2,1,0.2954
3,0,1,1,1,0,1,0,0,0.5036
3,0,1,1,1,0,1,0,1,0.5036
3,0,1,1,1,0,1,1,0,0.5309
3,0,1,1,1,0,1,1,1,0.2251
3,0,1,1,1,0,1,2,0,0.7142
3,0,1,1,1,0,1,2,1,0.7135
3,0,1,1,1,0,2,0,0,0.5036
3,0,1,1,1,0,2,0,1,0.5036
3,0,1,1,1,0,2,1,0,0.2954
3,0,1,1,1,0,2,1,1,0.2954
3,0,1,1,1,0,2,2,0,0.2954
3,0,1,1,1,0,2,2,1,0.2954
3,0,1,1,1,1,1,0,0,0.5036
3,0,1,1,1,1,1,0,1,0.5036
3,0,1,1,1,1,1,1,0,0.7491
3,0,1,1,1,1,1,1,1,0.2252
3,0,1,1,1,1,1,2,0,0.7053
3,0,1,1,1,1,1,2,1,0.7055
3,0,1,1,1,1,2,0,0,0.5036
3,0,1,1,1,1,2,0,1,0.5036
3,0,1,1,1,1,2,1,0,0.2954
3,0,1,1,1,1,2,1,1,0.2954
3,0,1,1,1,1,2,2,0,0.2954
3,0,1,1,1,1,2,2,1,0.2954
3,1,0,0,0,0,1,0,0,0.5036
3,1,0,0,0,0,1,0,1,0.5036
3,1,0,0,0,0,1,1,0,0.2878
3,1,0,0,0,0,1,1,1,0.7842
3,1,0,0,0,0,1,2,0,0.2954
3,1,0,0,0,0,1,2,1,0.6884
3,1,0,0,0,0,2,0,0,0.5036
3,1,0,0,0,0,2,0,1,0.5036
3,1,0,0,0,0,2,1,0,0.2954
3,1,0,0,0,0,2,1,1,0.2954
3,1,0,0,0,0,2,2,0,0.2954
3,1,0,0,0,0,2,2,1,0.2954
3,1,0,0,0,1,1,0,0,0.5036
3,1,0,0,0,1,1,0,1,0.5036
3,1,0,0,0,1,1,1,0,0.7176
3,1,0,0,0,1,1,1,1,0.8594
3,1,0,0,0,1,1,2,0,0.7164
3,1,0,0,0,1,1,2,1,0.7407
3,1,0,0,0,1,2,0,0,0.5036
3,1,0,0,0,1,2,0,1,0.5036
3,1,0,0,0,1,2,1,0,0.2954
3,1,0,0,0,1,2,1,1,0.2954
3,1,0,0,0,1,2,2,0,0.2954
3,1,0,0,0,1,2,2,1,0.2954
3,1,0,0,1,0,1,0,0,0.5036
3,1,0,0,1,0,1,0,1,0.5036
3,1,0,0,1,0,1,1,0,0.7176
3,1,0,0,1,0,1,1,1,0.5202
3,1,0,0,1,0,1,2,0,0.7164
3,1,0,0,1,0,1,2,1,0.7407
3,1,0,0,1,0,2,0,0,0.5036
3,1,0,0,1,0,2,0,1,0.5036
3,1,0,0,1,0,2,1,0,0.2954
3,1,0,0,1,0,2,1,1,0.2954
3,1,0,0,1,0,2,2,0,0.2954
3,1,0,0,1,0,2,2,1,0.2954
3,1,0,0,1,1,1,0,0,0.5036
3,1,0,0,1,1,1,0,1,0.5036
3,1,0,0,1,1,1,1,0,0.4033
3,1,0,0,1,1,1,1,1,0.6792
3,1,0,0,1,1,1,2,0,0.7164
3,1,0,0,1,1,1,2,1,0.7407
3,1,0,0,1,1,2,0,0,0.5036
3,1,0,0,1,1,2,0,1,0.5036
3,1,0,0,1,1,2,1,0,0.2954
3,1,0,0,1,1,2,1,1,0.2954
3,1,0,0,1,1,2,2,0,0.2954
3,1,0,0,1,1,2,2,1,0.2954
3,1,0,1,0,0,1,0,0,0.5036
3,1,0,1,0,0,1,0,1,0.5036
3,1,0,1,0,0,1,1,0,0.4366
3,1,0,1,0,0,1,1,1,0.7842
3,1,0,1,0,0,1,2,0,0.7163
3,1,0,1,0,0,1,2,1,0.6884
3,1,0,1,0,0,2,0,0,0.5036
3,1,0,1,0,0,2,0,1,0.5036
3,1,0,1,0,0,2,1,0,0.2954
3,1,0,1,0,0,2,1,1,0.2954
3,1,0,1,0,0,2,2,0,0.2954
3,1,0,1,0,0,2,2,1,0.2954
3,1,0,1,0,1,1,0,0,0.5036
3,1,0,1,0,1,1,0,1,0.5036
3,1,0,1,0,1,1,1,0,0.7164
3,1,0,1,0,1,1,1,1,0.8594
3,1,0,1,0,1,1,2,0,0.7176
3,1,0,1,0,1,1,2,1,0.7407
3,1,0,1,0,1,2,0,0,0.5036
3,1,0,1,0,1,2,0,1,0.5036
3,1,0,1,0,1,2,1,0,0.2954
3,1,0,1,0,1,2,1,1,0.2954
3,1,0,1,0,1,2,2,0,0.2954
3,1,0,1,0,1,2,2,1,0.2954
3,1,0,1,1,0,1,0,0,0.5036
3,1,0,1,1,0,1,0,1,0.5036
3,1,0,1,1,0,1,1,0,0.7164
3,1,0,1,1,0,1,1,1,0.5202
3,1,0,1,1,0,1,2,0,0.7176
3,1,0,1,1,0,1,2,1,0.7407
3,1,0,1,1,0,2,0,0,0.5036
3,1,0,1,1,0,2,0,1,0.5036
3,1,0,1,1,0,2,1,0,0.2954
3,1,0,1,1,0,2,1,1,0.2954
3,1,0,1,1,0,2,2,0,0.2954
3,1,0,1,1,0,2,2,1,0.2954
3,1,0,1,1,1,1,0,0,0.5036
3,1,0,1,1,1,1,0,1,0.5036
3,1,0,1,1,1,1,1,0,0.7164
3,1,0,1,1,1,1,1,1,0.6792
3,1,0,1,1,1,1,2,0,0.7176
3,1,0,1,1,1,1,2,1,0.7407
3,1,0,1,1,1,2,0,0,0.5036
3,1,0,1,1,1,2,0,1,0.5036
3,1,0,1,1,1,2,1,0,0.2954
3,1,0,1,1,1,2,1,1,0.2954
3,1,0,1,1,1,2,2,0,0.2954
3,1,0,1,1,1,2,2,1,0.2954
3,1,1,0,0,0,1,0,0,0.5036
3,1,1,0,0,0,1,0,1,0.5036
3,1,1,0,0,0,1,1,0,0.735
3,1,1,0,0,0,1,1,1,0.0324
3,1,1,0,0,0,1,2,0,0.735
3,1,1,0,0,0,1,2,1,0.7352
3,1,1,0,0,0,2,0,0,0.5036
3,1,1,0,0,0,2,0,1,0.5036
3,1,1,0,0,0,2,1,0,0.2954
3,1,1,0,0,0,2,1,1,0.2954
3,1,1,0,0,0,2,2,0,0.2954
3,1,1,0,0,0,2,2,1,0.2954
3,1,1,0,0,1,1,0,0,0.5036
3,1,1,0,0,1,1,0,1,0.5036
3,1,1,0,0,1,1,1,0,0.7258
3,1,1,0,0,1,1,1,1,0.2252
3,1,1,0,0,1,1,2,0,0.7258
3,1,1,0,0,1,1,2,1,0.7253
3,1,1,0,0,1,2,0,0,0.5036
3,1,1,0,0,1,2,0,1,0.5036
3,1,1,0,0,1,2,1,0,0.1178
3,1,1,0,0,1,2,1,1,0.2954
3,1,1,0,0,1,2,2,0,0.1178
3,1,1,0,0,1,2,2,1,0.2954
3,1,1,0,1,0,1,0,0,0.5036
3,1,1,0,1,0,1,0,1,0.5036
3,1,1,0,1,0,1,1,0,0.7345
3,1,1,0,1,0,1,1,1,0.2251
3,1,1,0,1,0,1,2,0,0.7345
3,1,1,0,1,0,1,2,1,0.734
3,1,1,0,1,0,2,0,0,0.5036
3,1,1,0,1,0,2,0,1,0.5036
3,1,1,0,1,0,2,1,0,0.2954
3,1,1,0,1,0,2,1,1,0.2954
3,1,1,0,1,0,2,2,0,0.2954
3,1,1,0,1,0,2,2,1,0.2954
3,1,1,0,1,1,1,0,0,0.5036
3,1,1,0,1,1,1,0,1,0.5036
3,1,1,0,1,1,1,1,0,0.0492
3,1,1,0,1,1,1,1,1,0.2269
3,1,1,0,1,1,1,2,0,0.7258
3,1,1,0,1,1,1,2,1,0.7253
3,1,1,0,1,1,2,0,0,0.5036
3,1,1,0,1,1,2,0,1,0.5036
3,1,1,0,1,1,2,1,0,0.2954
3,1,1,0,1,1,2,1,1,0.2954
3,1,1,0,1,1,2,2,0,0.2954
3,1,1,0,1,1,2,2,1,0.2954
3,1,1,1,0,0,1,0,0,0.5036
3,1,1,1,0,0,1,0,1,0.5036
3,1,1,1,0,0,1,1,0,0.735
3,1,1,1,0,0,1,1,1,0.0324
3,1,1,1,0,0,1,2,0,0.735
3,1,1,1,0,0,1,2,1,0.7352
3,1,1,1,0,0,2,0,0,0.5036
3,1,1,1,0,0,2,0,1,0.5036
3,1,1,1,0,0,2,1,0,0.1192
3,1,1,1,0,0,2,1,1,0.2954
3,1,1,1,0,0,2,2,0,0.1192
3,1,1,1,0,0,2,2,1,0.2954
3,1,1,1,0,1,1,0,0,0.5036
3,1,1,1,0,1,1,0,1,0.5036
3,1,1,1,0,1,1,1,0,0.7258
3,1,1,1,0,1,1,1,1,0.2252
3,1,1,1,0,1,1,2,0,0.7258
3,1,1,1,0,1,1,2,1,0.7253
3,1,1,1,0,1,2,0,0,0.5036
3,1,1,1,0,1,2,0,1,0.5036
3,1,1,1,0,1,2,1,0,0.1178
3,1,1,1,0,1,2,1,1,0.2954
3,1,1,1,0,1,2,2,0,0.1178
3,1,1,1,0,1,2,2,1,0.2954
3,1,1,1,1,0,1,0,0,0.5036
3,1,1,1,1,0,1,0,1,0.5036
3,1,1,1,1,0,1,1,0,0.7345
3,1,1,1,1,0,1,1,1,0.2251
3,1,1,1,1,0,1,2,0,0.7345
3,1,1,1,1,0,1,2,1,0.734
3,1,1,1,1,0,2,0,0,0.5036
3,1,1,1,1,0,2,0,1,0.5036
3,1,1,1,1,0,2,1,0,0.2954
3,1,1,1,1,0,2,1,1,0.2954
3,1,1,1,1,0,2,2,0,0.2954
3,1,1,1,1,0,2,2,1,0.2954
3,1,1,1,1,1,1,0,0,0.5036
3,1,1,1,1,1,1,0,1,0.5036
3,1,1,1,1,1,1,1,0,0.7258
3,1,1,1,1,1,1,1,1,0.2269
3,1,1,1,1,1,1,2,0,0.7258
3,1,1,1,1,1,1,2,1,0.7253
3,1,1,1,1,1,2,0,0,0.5036
3,1,1,1,1,1,2,0,1,0.5036
3,1,1,1,1,1,2,1,0,0.1178
3,1,1,1,1,1,2,1,1,0.2954
3,1,1,1,1,1,2,2,0,0.1178
3,1,1,1,1,1,2,2,1,0.2954
